{"numberofscreens":1,"numberofplates":1,"numberofdrugs":66,"doneQC":true,"QCmetrics":"<!--htmltablegeneratedinR3.2.3byxtable1.8-2package--><!--TueApr2416:51:382018--><table id=\"stattab\"data-row-style=\"rowStyle\"data-toggle=\"table\"data-show-refresh=\"true\"data-show-toggle=\"true\"data-show-columns=\"true\"data-search=\"true\"data-select-item-name=\"toolbar1\"data-pagination=\"true\"data-sort-name=\"name\"data-sort-order=\"desc\"border=0><caption align=\"top\">:</caption><thead><th>Plate</th><th>Z_Prime</th><th>Robust_Z_Prime</th><th>SSMD</th><th>Signal_Vs_BG</th><th>Out_To_In_Controls</th><th>Mean_Neg</th><th>SD_Neg</th><th>CV_Neg</th><th>Mean_Pos</th><th>SD_Pos</th><th>CV_Pos</th><th>Mean_Cells_Col1</th><th>SD_Cells_Col1</th><th>CV_Cells_Col1</th><th>Mean_Cells_Col24</th><th>SD_Cells_Col24</th><th>CV_Cells_Col24</th></thead><tr><td>H078_ORIG_CarboPt_CTG_1</td><td align=\"center\">0.71</td><td align=\"center\">0.77</td><td align=\"center\">10</td><td align=\"center\">166.7</td><td align=\"center\">0.86</td><td align=\"center\">128795.6</td><td align=\"center\">12189.2</td><td align=\"center\">9.9</td><td align=\"center\">772.6</td><td align=\"center\">338.9</td><td align=\"center\">46.2</td><td align=\"center\">110982.9</td><td align=\"center\">9930.4</td><td align=\"center\">9.2</td><td align=\"center\">121705.0</td><td align=\"center\">12188.8</td><td align=\"center\">10.4</td></tr></table>"}
